{"Alabama": 11.708153541306269, "Alaska": 12.29106353130766, "Arizona": 11.855892767408418, "Arkansas": 11.939194731002196, "California": 12.266056981709264, "Colorado": 12.412854904841433, "Connecticut": 12.361217771287057, "Delaware": 11.895409930263884, "DistrictOfColumbia": 12.430138257706783, "Florida": 11.567922783207393, "Georgia": 12.257705036915459, "Hawaii": 12.117773621081636, "Idaho": 12.307417967182788, "Illinois": 12.213504979777385, "Indiana": 12.219252799355987, "Iowa": 12.493412934720137, "Kansas": 12.554350973150811, "Kentucky": 11.711327005502369, "Louisiana": 11.926055671109657, "Maine": 11.639630507663293, "Maryland": 12.507878288513393, "Massachusetts": 12.404894877515481, "Michigan": 11.826326956175759, "Minnesota": 12.495564129729525, "Mississippi": 11.837460859374929, "Missouri": 12.063464131757248, "Montana": 12.037920766523223, "Nebraska": 12.767511530285962, "Nevada": 11.903252686415208, "NewHampshire": 12.193440111300434, "NewJersey": 12.296931141997408, "NewMexico": 11.886177294824066, "NewYork": 11.98623899200707, "NorthCarolina": 11.94948132279581, "NorthDakota": 12.640737942816461, "Ohio": 12.0191725945515, "Oklahoma": 12.235035306434904, "Oregon": 11.85540674048665, "Pennsylvania": 11.967762109426872, "RhodeIsland": 12.149363793637233, "SouthCarolina": 11.77063190280773, "SouthDakota": 12.468964269569309, "Tennessee": 11.851681468060656, "Texas": 12.574299855474734, "Utah": 13.202254671226683, "Vermont": 12.06817718098224, "Virginia": 12.262307630192074, "Washington": 12.063083119003727, "WestVirginia": 11.341582162089706, "Wisconsin": 12.23916019398856, "Wyoming": 12.305462445132049}